SWA_Number,UniqueID,Distillery Name,Status,Region,FunctionalRegion,Type,Founded,Owner,Parent Company,Full Address,Postcode,Water Source,Wash Stills,Spirit Stills,Total Stills,Still Type,Washbacks,Washback Material,Mash Tun,Milling Equipment,Heating Method,Annual Capacity (LPA),Core Style,Peated,Visitor Centre,Tours,Website,Latitude,Longitude,EvidenceStrength,VerificationStatus,LastVerified,SourceID,SourceURLs,Action,ResearchNeeded,Notes
1,AVD-8-DOORS,8 Doors Distillery,Operating,Highlands,Highlands,Malt,2022,8 Doors Distillery,,"8 Doors Distillery, John O’Groats, Scotland",KW1 4YR,,,,,,,,,,,,Highland single malt; new make maturing,,Yes,Yes,https://www.8doorsdistillery.com/,,,5,SWA baseline verified; enrichment pending,2026-07-02,SRC-8DOORS-OFFICIAL,https://www.scotch-whisky.org.uk/media/f2fm4u0u/list-of-current-operating-scotch-whisky-distilleries-for-public-website-april-2026.pdf | https://www.8doorsdistillery.com/,Added in RC2,"Add/verify owner, address, coordinates and technical fields from official sources.",Official site says opened in September 2022 and lists John O’Groats KW1 4YR; tours available.
2,AVD-ABERARGIE,Aberargie Distillery,Operating,Lowlands,Lowlands,Malt,,,,,,,,,,,,,,,,,,,,,,,,5,SWA baseline verified; enrichment pending,2026-07-02,SRC-SWA-APRIL-2026,https://www.scotch-whisky.org.uk/media/f2fm4u0u/list-of-current-operating-scotch-whisky-distilleries-for-public-website-april-2026.pdf,Added in RC2,"Add/verify owner, address, coordinates and technical fields from official sources.",
3,AVD-ABERFELDY,Aberfeldy Distillery,Operating,Highlands,Highlands,Malt,,,,,,,,,,,,,,,,,,,,,,,,5,SWA baseline verified; enrichment pending,2026-07-02,SRC-SWA-APRIL-2026,https://www.scotch-whisky.org.uk/media/f2fm4u0u/list-of-current-operating-scotch-whisky-distilleries-for-public-website-april-2026.pdf,Added in RC2,"Add/verify owner, address, coordinates and technical fields from official sources.",
4,DIST-SPY-0001,Aberlour Distillery,Operating,Speyside,Speyside,Malt,1879,Chivas Brothers,Pernod Ricard,,,Ben Rinnes springs,2,2,4,Traditional copper pot stills,,,,,Steam,5600000,"Rich, fruity, sherried",Partial,Yes,Yes,https://www.aberlour.com,,,4,Matched RC1; SWA baseline verified,2026-07-02,SRC-SWA-APRIL-2026,https://www.scotch-whisky.org.uk/media/f2fm4u0u/list-of-current-operating-scotch-whisky-distilleries-for-public-website-april-2026.pdf,Matched from RC1,Confirm current full address/postcode and production equipment before v1.0,
5,AVD-AILSA-BAY,Ailsa Bay Distillery,Operating,Lowlands,Lowlands,Malt,,,,,,,,,,,,,,,,,,,,,,,,5,SWA baseline verified; enrichment pending,2026-07-02,SRC-SWA-APRIL-2026,https://www.scotch-whisky.org.uk/media/f2fm4u0u/list-of-current-operating-scotch-whisky-distilleries-for-public-website-april-2026.pdf,Added in RC2,"Add/verify owner, address, coordinates and technical fields from official sources.",
6,DIST-SPY-0002,Allt a’ Bhainne Distillery,Operating,Speyside,Speyside,Malt,1975,Chivas Brothers,Pernod Ricard,,,,2,2,4,Traditional copper pot stills,,,,,Steam,4000000,"Light, floral",No,No,No,,,,3,Matched RC1; SWA baseline verified,2026-07-02,SRC-SWA-APRIL-2026,https://www.scotch-whisky.org.uk/media/f2fm4u0u/list-of-current-operating-scotch-whisky-distilleries-for-public-website-april-2026.pdf,Matched from RC1,Verify technical details from primary source,
7,AVD-ANNANDALE,Annandale Distillery,Operating,Lowlands,Lowlands,Malt,,,,,,,,,,,,,,,,,,,,,,,,5,SWA baseline verified; enrichment pending,2026-07-02,SRC-SWA-APRIL-2026,https://www.scotch-whisky.org.uk/media/f2fm4u0u/list-of-current-operating-scotch-whisky-distilleries-for-public-website-april-2026.pdf,Added in RC2,"Add/verify owner, address, coordinates and technical fields from official sources.",
8,DIST-HLD-0034,Arbikie Distillery,Operating,Highlands,Highlands,Malt,2014,Arbikie Distillery,Arbikie Highland Estate,,,Estate borehole,1,1,2,Traditional,,,,,Steam,,Farm-to-bottle,No,Yes,Yes,https://arbikie.com,,,4,Matched RC1; SWA baseline verified,2026-07-02,SRC-SWA-APRIL-2026,https://www.scotch-whisky.org.uk/media/f2fm4u0u/list-of-current-operating-scotch-whisky-distilleries-for-public-website-april-2026.pdf,Matched from RC1,Expand whisky production details,Produces spirits beyond whisky.
9,DIST-ISL-0001,Ardbeg Distillery,Operating,Islay,Islay,Malt,1815,The Ardbeg Distillery Ltd.,LVMH,,,Loch Uigeadail,2,2,4,Traditional,,,,,Steam,2400000,Heavily peated,Yes,Yes,Yes,https://www.ardbeg.com,,,5,Matched RC1; SWA baseline verified,2026-07-02,SRC-SWA-APRIL-2026,https://www.scotch-whisky.org.uk/media/f2fm4u0u/list-of-current-operating-scotch-whisky-distilleries-for-public-website-april-2026.pdf,Matched from RC1,Verify coordinates,
10,AVD-ARDGOWAN,Ardgowan Distillery,Operating,Lowlands,Lowlands,Malt,,,,,,,,,,,,,,,,,,,,,,,,5,SWA baseline verified; enrichment pending,2026-07-02,SRC-SWA-APRIL-2026,https://www.scotch-whisky.org.uk/media/f2fm4u0u/list-of-current-operating-scotch-whisky-distilleries-for-public-website-april-2026.pdf,Added in RC2,"Add/verify owner, address, coordinates and technical fields from official sources.",
11,DIST-HLD-0001,Ardmore Distillery,Operating,Highlands,Highlands,Malt,1898,Beam Suntory,Suntory Global Spirits,,,Knockandy Hill springs,4,4,8,Traditional,,,,,Steam,5500000,"Robust, lightly peated",Partial,No,No,https://www.ardmoredistillery.com,,,4,Matched RC1; SWA baseline verified,2026-07-02,SRC-SWA-APRIL-2026,https://www.scotch-whisky.org.uk/media/f2fm4u0u/list-of-current-operating-scotch-whisky-distilleries-for-public-website-april-2026.pdf,Matched from RC1,Verify current visitor access,
12,DIST-ISL-0002,Ardnahoe Distillery,Operating,Islay,Islay,Malt,2018,Hunter Laing,Hunter Laing,,,Loch Ardnahoe,2,2,4,Traditional,,,,,Steam,500000,Heavily peated,Yes,Yes,Yes,https://ardnahoedistillery.com,,,4,Matched RC1; SWA baseline verified,2026-07-02,SRC-SWA-APRIL-2026,https://www.scotch-whisky.org.uk/media/f2fm4u0u/list-of-current-operating-scotch-whisky-distilleries-for-public-website-april-2026.pdf,Matched from RC1,Verify capacity,
13,DIST-HLD-0002,Ardnamurchan Distillery,Operating,Highlands,Highlands,Malt,2014,Adelphi Distillery Ltd.,Adelphi Distillery Ltd.,,,,2,2,4,Traditional,,,,,Steam,500000,"Maritime, lightly peated",Variable,Yes,Yes,https://ardnamurchandistillery.com,,,4,Matched RC1; SWA baseline verified,2026-07-02,SRC-SWA-APRIL-2026,https://www.scotch-whisky.org.uk/media/f2fm4u0u/list-of-current-operating-scotch-whisky-distilleries-for-public-website-april-2026.pdf,Matched from RC1,Verify latest capacity,
14,AVD-ARDROSS,Ardross Distillery,Operating,Highlands,Highlands,Malt,,,,,,,,,,,,,,,,,,,,,,,,5,SWA baseline verified; enrichment pending,2026-07-02,SRC-SWA-APRIL-2026,https://www.scotch-whisky.org.uk/media/f2fm4u0u/list-of-current-operating-scotch-whisky-distilleries-for-public-website-april-2026.pdf,Added in RC2,"Add/verify owner, address, coordinates and technical fields from official sources.",
15,DIST-LWD-0001,Auchentoshan Distillery,Operating,Lowlands,Lowlands,Malt,1823,Beam Suntory,Suntory Global Spirits,"Auchentoshan Distillery, Great Western Rd, Clydebank",G81 4SJ,Cochna Burn,3,3,6,Triple distilled,,,,,Steam,1800000,"Light, citrus",No,Yes,Yes,https://www.auchentoshan.com,,,5,Matched RC1; SWA baseline verified,2026-07-02,SRC-AUCHENTOSHAN-CLYDEBANK,https://www.scotch-whisky.org.uk/media/f2fm4u0u/list-of-current-operating-scotch-whisky-distilleries-for-public-website-april-2026.pdf | https://www.auchentoshan.com/host-at-our-distillery,Matched from RC1,Backfill technical details,Clydebank query: no SWA distillery named Clydebank; Auchentoshan is physically in Clydebank.
16,DIST-SPY-0003,Auchroisk Distillery,Operating,Speyside,Speyside,Malt,1974,Diageo,Diageo,,,,4,4,8,Traditional copper pot stills,,,,,Steam,5900000,"Light, cereal, fruity",No,No,No,https://www.malts.com,,,3,Matched RC1; SWA baseline verified,2026-07-02,SRC-SWA-APRIL-2026,https://www.scotch-whisky.org.uk/media/f2fm4u0u/list-of-current-operating-scotch-whisky-distilleries-for-public-website-april-2026.pdf,Matched from RC1,Verify water source and equipment,
17,DIST-SPY-0004,Aultmore Distillery,Operating,Speyside,Speyside,Malt,1896,John Dewar & Sons,Bacardi,,,Auchinderran Burn,2,2,4,Traditional copper pot stills,,,,,Steam,3100000,"Fresh, grassy, herbal",No,No,No,https://www.aultmore.com,,,4,Matched RC1; SWA baseline verified,2026-07-02,SRC-SWA-APRIL-2026,https://www.scotch-whisky.org.uk/media/f2fm4u0u/list-of-current-operating-scotch-whisky-distilleries-for-public-website-april-2026.pdf,Matched from RC1,Verify full technical data,
18,DIST-HLD-0003,Balblair Distillery,Operating,Highlands,Highlands,Malt,1790,Inver House Distillers,International Beverage,,,Ault Dearg Burn,2,2,4,Traditional,,,,,Steam,1800000,"Elegant, orchard fruit",No,Yes,Yes,https://www.balblair.com,,,4,Matched RC1; SWA baseline verified,2026-07-02,SRC-SWA-APRIL-2026,https://www.scotch-whisky.org.uk/media/f2fm4u0u/list-of-current-operating-scotch-whisky-distilleries-for-public-website-april-2026.pdf,Matched from RC1,Verify equipment details,
19,DIST-SPY-0005,Ballindalloch Distillery,Operating,Speyside,Speyside,Malt,2014,Ballindalloch Distillery LLP,Ballindalloch Estate,,,,1,1,2,Traditional copper pot stills,,,,,Steam,,"Fruity, traditional",No,Yes,Yes,https://www.ballindallochdistillery.com,,,4,Matched RC1; SWA baseline verified,2026-07-02,SRC-SWA-APRIL-2026,https://www.scotch-whisky.org.uk/media/f2fm4u0u/list-of-current-operating-scotch-whisky-distilleries-for-public-website-april-2026.pdf,Matched from RC1,Confirm capacity and equipment specs,
20,AVD-BALMAUD,Balmaud Distillery,Operating,Highlands,Highlands,Malt,,,,,,,,,,,,,,,,,,,,,,,,5,SWA baseline verified; enrichment pending,2026-07-02,SRC-SWA-APRIL-2026,https://www.scotch-whisky.org.uk/media/f2fm4u0u/list-of-current-operating-scotch-whisky-distilleries-for-public-website-april-2026.pdf,Added in RC2,"Add/verify owner, address, coordinates and technical fields from official sources.",
21,DIST-SPY-0006,Balmenach Distillery,Operating,Speyside,Speyside,Malt,1824,Inver House Distillers,International Beverage,,,,3,3,6,Traditional copper pot stills,,,,,Steam,2000000,"Rich, old-style, meaty",No,No,No,https://www.interbevgroup.com,,,3,Matched RC1; SWA baseline verified,2026-07-02,SRC-SWA-APRIL-2026,https://www.scotch-whisky.org.uk/media/f2fm4u0u/list-of-current-operating-scotch-whisky-distilleries-for-public-website-april-2026.pdf,Matched from RC1,Verify exact ownership chain and technicals,
22,DIST-SPY-0007,Balvenie Distillery,Operating,Speyside,Speyside,Malt,1892,William Grant & Sons,William Grant & Sons,,,Robbie Dhu springs,5,6,11,Traditional copper pot stills,,,,,Steam,7000000,"Honeyed, malty, rich",No,Yes,Yes,https://www.thebalvenie.com,,,4,Matched RC1; SWA baseline verified,2026-07-02,SRC-SWA-APRIL-2026,https://www.scotch-whisky.org.uk/media/f2fm4u0u/list-of-current-operating-scotch-whisky-distilleries-for-public-website-april-2026.pdf,Matched from RC1,Verify current still split and visitor details,
23,DIST-HLD-0026,Ben Nevis Distillery,Operating,Highlands,Highlands,Malt,1825,Ben Nevis Distillery Ltd.,Nikka Whisky,,,Allt a'Mhuilinn,2,2,4,Traditional,,,,,Steam,2000000,"Robust, oily",Partial,Yes,Yes,https://www.bennevisdistillery.com,,,4,Matched RC1; SWA baseline verified,2026-07-02,SRC-SWA-APRIL-2026,https://www.scotch-whisky.org.uk/media/f2fm4u0u/list-of-current-operating-scotch-whisky-distilleries-for-public-website-april-2026.pdf,Matched from RC1,Verify capacity,
24,AVD-BENBECULA,Benbecula Distillery,Operating,Islands,Islands,Malt,,,,,,,,,,,,,,,,,,,,,,,,5,SWA baseline verified; enrichment pending,2026-07-02,SRC-SWA-APRIL-2026,https://www.scotch-whisky.org.uk/media/f2fm4u0u/list-of-current-operating-scotch-whisky-distilleries-for-public-website-april-2026.pdf,Added in RC2,"Add/verify owner, address, coordinates and technical fields from official sources.",
25,DIST-SPY-0008,BenRiach Distillery,Operating,Speyside,Speyside,Malt,1898,Brown-Forman,Brown-Forman,,,,2,2,4,Traditional copper pot stills,,,,,Steam,2800000,"Fruit, oak, smoke variants",Partial,Yes,Yes,https://www.benriachdistillery.com,,,4,Matched RC1; SWA baseline verified,2026-07-02,SRC-SWA-APRIL-2026,https://www.scotch-whisky.org.uk/media/f2fm4u0u/list-of-current-operating-scotch-whisky-distilleries-for-public-website-april-2026.pdf,Matched from RC1,Verify production figures,
26,DIST-SPY-0009,Benrinnes Distillery,Operating,Speyside,Speyside,Malt,1826,Diageo,Diageo,,,Scurran Burn,3,3,6,Traditional copper pot stills,,,,,Steam,3500000,"Meaty, robust",No,No,No,https://www.malts.com,,,3,Matched RC1; SWA baseline verified,2026-07-02,SRC-SWA-APRIL-2026,https://www.scotch-whisky.org.uk/media/f2fm4u0u/list-of-current-operating-scotch-whisky-distilleries-for-public-website-april-2026.pdf,Matched from RC1,Verify equipment details,
27,DIST-SPY-0010,Benromach Distillery,Operating,Speyside,Speyside,Malt,1898,Gordon & MacPhail,Gordon & MacPhail,,,Chapelton Spring,1,1,2,Traditional copper pot stills,,,,,Steam,700000,"Lightly smoky, malty",Partial,Yes,Yes,https://www.benromach.com,,,4,Matched RC1; SWA baseline verified,2026-07-02,SRC-SWA-APRIL-2026,https://www.scotch-whisky.org.uk/media/f2fm4u0u/list-of-current-operating-scotch-whisky-distilleries-for-public-website-april-2026.pdf,Matched from RC1,Verify current capacity,
28,AVD-BLACKNESS-BAY,Blackness Bay Distillery,Operating,Lowlands,Lowlands,Malt,,,,,,,,,,,,,,,,,,,,,,,,5,SWA baseline verified; enrichment pending,2026-07-02,SRC-SWA-APRIL-2026,https://www.scotch-whisky.org.uk/media/f2fm4u0u/list-of-current-operating-scotch-whisky-distilleries-for-public-website-april-2026.pdf,Added in RC2,"Add/verify owner, address, coordinates and technical fields from official sources.",
29,DIST-LWD-0002,Bladnoch Distillery,Operating,Lowlands,Lowlands,Malt,1817,Bladnoch Distillery,Bladnoch Distillery,,,River Bladnoch,2,2,4,Traditional,,,,,Steam,1500000,"Floral, grassy",No,Yes,Yes,https://www.bladnoch.com,,,5,Matched RC1; SWA baseline verified,2026-07-02,SRC-SWA-APRIL-2026,https://www.scotch-whisky.org.uk/media/f2fm4u0u/list-of-current-operating-scotch-whisky-distilleries-for-public-website-april-2026.pdf,Matched from RC1,Verify capacity,
30,DIST-HLD-0004,Blair Athol Distillery,Operating,Highlands,Highlands,Malt,1798,Diageo,Diageo,,,Allt Dour,2,2,4,Traditional,,,,,Steam,2200000,"Nutty, rich",No,Yes,Yes,https://www.malts.com,,,4,Matched RC1; SWA baseline verified,2026-07-02,SRC-SWA-APRIL-2026,https://www.scotch-whisky.org.uk/media/f2fm4u0u/list-of-current-operating-scotch-whisky-distilleries-for-public-website-april-2026.pdf,Matched from RC1,Verify washback count,
31,AVD-BONNINGTON,Bonnington Distillery,Operating,Lowlands,Lowlands,Malt,,,,,,,,,,,,,,,,,,,,,,,,5,SWA baseline verified; enrichment pending,2026-07-02,SRC-SWA-APRIL-2026,https://www.scotch-whisky.org.uk/media/f2fm4u0u/list-of-current-operating-scotch-whisky-distilleries-for-public-website-april-2026.pdf,Added in RC2,"Add/verify owner, address, coordinates and technical fields from official sources.",
32,AVD-BORDERS,Borders Distillery,Operating,Lowlands,Lowlands,Malt,,,,,,,,,,,,,,,,,,,,,,,,5,SWA baseline verified; enrichment pending,2026-07-02,SRC-SWA-APRIL-2026,https://www.scotch-whisky.org.uk/media/f2fm4u0u/list-of-current-operating-scotch-whisky-distilleries-for-public-website-april-2026.pdf,Added in RC2,"Add/verify owner, address, coordinates and technical fields from official sources.",
33,DIST-ISL-0003,Bowmore Distillery,Operating,Islay,Islay,Malt,1779,Beam Suntory,Suntory Global Spirits,,,River Laggan,2,2,4,Traditional,,,,,Steam,2200000,Balanced peat,Yes,Yes,Yes,https://www.bowmore.com,,,5,Matched RC1; SWA baseline verified,2026-07-02,SRC-SWA-APRIL-2026,https://www.scotch-whisky.org.uk/media/f2fm4u0u/list-of-current-operating-scotch-whisky-distilleries-for-public-website-april-2026.pdf,Matched from RC1,Verify equipment,
34,DIST-SPY-0011,Braeval Distillery,Operating,Speyside,Speyside,Malt,1973,Chivas Brothers,Pernod Ricard,,,,3,3,6,Traditional copper pot stills,,,,,Steam,3800000,"Light, fruity",No,No,No,,,,3,Matched RC1; SWA baseline verified,2026-07-02,SRC-SWA-APRIL-2026,https://www.scotch-whisky.org.uk/media/f2fm4u0u/list-of-current-operating-scotch-whisky-distilleries-for-public-website-april-2026.pdf,Matched from RC1,Verify primary technical data,
35,DIST-HLD-0038,Brora Distillery,Operating,Highlands,Highlands,Malt,1819,Diageo,Diageo,,,Clynemilton Burn,2,2,4,Traditional,,,,,Steam,800000,"Waxy, coastal",Partial,Yes,Yes,https://www.brora.com,,,5,Matched RC1; SWA baseline verified,2026-07-02,SRC-SWA-APRIL-2026,https://www.scotch-whisky.org.uk/media/f2fm4u0u/list-of-current-operating-scotch-whisky-distilleries-for-public-website-april-2026.pdf,Matched from RC1,Verify latest annual capacity after reopening,Reopened in 2021.
36,DIST-ISL-0004,Bruichladdich Distillery,Operating,Islay,Islay,Malt,1881,Bruichladdich Distillery Co.,Rémy Cointreau,,,Octomore Spring,4,4,8,Traditional,,,,,Steam,1500000,Unpeated / peated variants,Variable,Yes,Yes,https://www.bruichladdich.com,,,5,Matched RC1; SWA baseline verified,2026-07-02,SRC-SWA-APRIL-2026,https://www.scotch-whisky.org.uk/media/f2fm4u0u/list-of-current-operating-scotch-whisky-distilleries-for-public-website-april-2026.pdf,Matched from RC1,Separate Port Charlotte and Octomore in brand table,
37,DIST-ISL-0005,Bunnahabhain Distillery,Operating,Islay,Islay,Malt,1881,Distell,Heineken,,,Margadale Spring,2,2,4,Traditional,,,,,Steam,3000000,Mostly unpeated,Partial,Yes,Yes,https://www.bunnahabhain.com,,,4,Matched RC1; SWA baseline verified,2026-07-02,SRC-SWA-APRIL-2026,https://www.scotch-whisky.org.uk/media/f2fm4u0u/list-of-current-operating-scotch-whisky-distilleries-for-public-website-april-2026.pdf,Matched from RC1,Verify technical details,
38,AVD-BURN-OBENNIE,Burn o’Bennie Distillery,Operating,Highlands,Highlands,Malt,,,,,,,,,,,,,,,,,,,,,,,,5,SWA baseline verified; enrichment pending,2026-07-02,SRC-SWA-APRIL-2026,https://www.scotch-whisky.org.uk/media/f2fm4u0u/list-of-current-operating-scotch-whisky-distilleries-for-public-website-april-2026.pdf,Added in RC2,"Add/verify owner, address, coordinates and technical fields from official sources.",
39,DIST-SPY-0052,Cabrach Distillery,Operating,Speyside,Speyside,Malt,2024,The Cabrach Trust,The Cabrach Trust,"Inverharroch, Cabrach, Moray, Scotland",,,,,,Traditional copper pot stills,,,,,,,,No,Yes,Yes,https://www.thecabrachtrust.org,,,3,Matched RC1; SWA baseline verified,2026-07-02,SRC-SWA-APRIL-2026,https://www.scotch-whisky.org.uk/media/f2fm4u0u/list-of-current-operating-scotch-whisky-distilleries-for-public-website-april-2026.pdf,Matched from RC1,Confirm final region taxonomy and status,SWA April 2026 includes The Cabrach Distillery; region assignment to Speyside needs final confirmation.
40,DIST-SPY-0012,Cairn Distillery Distillery,Operating,Speyside,Speyside,Malt,2022,The Gordon & MacPhail Distillery Co.,Gordon & MacPhail,,,,,,,,,,,,,,,,No,Yes,Yes,https://www.thecairndistillery.com,,4,Matched RC1; SWA baseline verified,2026-07-02,SRC-SWA-APRIL-2026,https://www.scotch-whisky.org.uk/media/f2fm4u0u/list-of-current-operating-scotch-whisky-distilleries-for-public-website-april-2026.pdf,Matched from RC1,https://www.thecairndistillery.com | https://www.scotch-whisky.org.uk/discover-scotch/distillery-map/,New distillery; confirm full production specifications
41,DIST-GRN-0001,Cameronbridge Distillery,Operating,Lowlands,Grain,Grain,1824,Diageo,Diageo,,,River Leven,0,0,0,Continuous Coffey,,,,,Steam,140000000,Light grain,No,No,No,https://www.diageo.com,,,5,Matched RC1; SWA baseline verified,2026-07-02,SRC-SWA-APRIL-2026,https://www.scotch-whisky.org.uk/media/f2fm4u0u/list-of-current-operating-scotch-whisky-distilleries-for-public-website-april-2026.pdf,Matched from RC1,Backfill technical plant details,Scotland's largest grain distillery.
42,DIST-ISL-0006,Caol Ila Distillery,Operating,Islay,Islay,Malt,1846,Diageo,Diageo,,,Loch nam Ban,3,3,6,Traditional,,,,,Steam,6500000,"Smoky, maritime",Yes,Yes,Yes,https://www.malts.com,,,5,Matched RC1; SWA baseline verified,2026-07-02,SRC-SWA-APRIL-2026,https://www.scotch-whisky.org.uk/media/f2fm4u0u/list-of-current-operating-scotch-whisky-distilleries-for-public-website-april-2026.pdf,Matched from RC1,Verify visitor data,
43,DIST-SPY-0013,Cardhu Distillery,Operating,Speyside,Speyside,Malt,1824,Diageo,Diageo,,,Cardow Burn,2,2,4,Traditional copper pot stills,,,,,Steam,3600000,"Honeyed, orchard fruit",No,Yes,Yes,https://www.malts.com,,,4,Matched RC1; SWA baseline verified,2026-07-02,SRC-SWA-APRIL-2026,https://www.scotch-whisky.org.uk/media/f2fm4u0u/list-of-current-operating-scotch-whisky-distilleries-for-public-website-april-2026.pdf,Matched from RC1,Verify technical data,
44,AVD-CLYDESIDE,Clydeside Distillery,Operating,Lowlands,Lowlands,Malt,2017,Morrison Glasgow Distillers,,"The Clydeside Distillery, 100 Stobcross Road, Glasgow",G3 8QQ,Loch Katrine,,,,,,,,,,,Lowland single malt; fruit-forward; peated Fortnight produced seasonally,Partial,Yes,Yes,https://www.theclydeside.com/,,,5,SWA baseline verified; enrichment pending,2026-07-02,SRC-CLYDESIDE-OFFICIAL,https://www.scotch-whisky.org.uk/media/f2fm4u0u/list-of-current-operating-scotch-whisky-distilleries-for-public-website-april-2026.pdf | https://www.theclydeside.com/ | https://www.theclydeside.com/our-whisky/our-whiskies/,Added in RC2,"Add/verify owner, address, coordinates and technical fields from official sources.","Official site gives address, tours and single malt production; whisky page states water from Loch Katrine."
45,DIST-HLD-0005,Clynelish Distillery,Operating,Highlands,Highlands,Malt,1968,Diageo,Diageo,,,Clynemilton Burn,3,3,6,Traditional,,,,,Steam,4800000,"Waxy, coastal",No,Yes,Yes,https://www.malts.com,,,4,Matched RC1; SWA baseline verified,2026-07-02,SRC-SWA-APRIL-2026,https://www.scotch-whisky.org.uk/media/f2fm4u0u/list-of-current-operating-scotch-whisky-distilleries-for-public-website-april-2026.pdf,Matched from RC1,Verify technical specifications,
46,DIST-SPY-0014,Cragganmore Distillery,Operating,Speyside,Speyside,Malt,1869,Diageo,Diageo,,,Craggan Burn,2,2,4,Traditional copper pot stills,,,,,Steam,1520000,"Complex, floral",No,Yes,Yes,https://www.malts.com,,,4,Matched RC1; SWA baseline verified,2026-07-02,SRC-SWA-APRIL-2026,https://www.scotch-whisky.org.uk/media/f2fm4u0u/list-of-current-operating-scotch-whisky-distilleries-for-public-website-april-2026.pdf,Matched from RC1,Check current visitor opening status,
47,DIST-SPY-0015,Craigellachie Distillery,Operating,Speyside,Speyside,Malt,1891,John Dewar & Sons,Bacardi,,,,2,2,4,Traditional copper pot stills,,,,,Steam,4100000,"Robust, meaty",No,Yes,Yes,https://www.craigellachie.com,,,4,Matched RC1; SWA baseline verified,2026-07-02,SRC-SWA-APRIL-2026,https://www.scotch-whisky.org.uk/media/f2fm4u0u/list-of-current-operating-scotch-whisky-distilleries-for-public-website-april-2026.pdf,Matched from RC1,Verify visitor/tours status,
48,DIST-LWD-0003,Daftmill Distillery,Operating,Lowlands,Lowlands,Malt,2005,Daftmill Distillery,Cuthbert Family,,,Farm spring,1,1,2,Traditional,,,,,Steam,100000,Farm distillery,No,Limited,Limited,https://www.daftmill.com,,,5,Matched RC1; SWA baseline verified,2026-07-02,SRC-SWA-APRIL-2026,https://www.scotch-whisky.org.uk/media/f2fm4u0u/list-of-current-operating-scotch-whisky-distilleries-for-public-website-april-2026.pdf,Matched from RC1,Backfill visitor policy,Seasonal production.
49,DIST-SPY-0016,Dailuaine Distillery,Operating,Speyside,Speyside,Malt,1852,Diageo,Diageo,,,,3,3,6,Traditional copper pot stills,,,,,Steam,5900000,"Rich, meaty",No,No,No,https://www.malts.com,,,3,Matched RC1; SWA baseline verified,2026-07-02,SRC-SWA-APRIL-2026,https://www.scotch-whisky.org.uk/media/f2fm4u0u/list-of-current-operating-scotch-whisky-distilleries-for-public-website-april-2026.pdf,Matched from RC1,Verify full technical data,
50,DIST-HLD-0006,Dalmore Distillery,Operating,Highlands,Highlands,Malt,1839,Whyte & Mackay,Emperador Inc.,,,River Alness,4,4,8,Traditional,,,,,Steam,4200000,"Rich, orange, sherry",No,Yes,Yes,https://www.thedalmore.com,,,4,Matched RC1; SWA baseline verified,2026-07-02,SRC-SWA-APRIL-2026,https://www.scotch-whisky.org.uk/media/f2fm4u0u/list-of-current-operating-scotch-whisky-distilleries-for-public-website-april-2026.pdf,Matched from RC1,Verify latest still configuration,
51,DIST-SPY-0017,Dalmunach Distillery,Operating,Speyside,Speyside,Malt,2015,Chivas Brothers,Pernod Ricard,,,River Spey,8,8,16,Traditional copper pot stills,,,,,Steam,10000000,"Modern, fruity",No,No,No,,,,3,Matched RC1; SWA baseline verified,2026-07-02,SRC-SWA-APRIL-2026,https://www.scotch-whisky.org.uk/media/f2fm4u0u/list-of-current-operating-scotch-whisky-distilleries-for-public-website-april-2026.pdf,Matched from RC1,Verify production data,
52,DIST-HLD-0007,Dalwhinnie Distillery,Operating,Highlands,Highlands,Malt,1897,Diageo,Diageo,,,Allt an'Sluic,2,2,4,Traditional,,,,,Steam,1700000,"Honeyed, heather",No,Yes,Yes,https://www.malts.com,,,4,Matched RC1; SWA baseline verified,2026-07-02,SRC-SWA-APRIL-2026,https://www.scotch-whisky.org.uk/media/f2fm4u0u/list-of-current-operating-scotch-whisky-distilleries-for-public-website-april-2026.pdf,Matched from RC1,Verify production details,
53,DIST-HLD-0008,Deanston Distillery,Operating,Highlands,Highlands,Malt,1966,Burn Stewart Distillers,Distell,,,River Teith,2,2,4,Traditional,,,,,Steam,3000000,"Malty, honeyed",No,Yes,Yes,https://www.deanstonmalt.com,,,4,Matched RC1; SWA baseline verified,2026-07-02,SRC-SWA-APRIL-2026,https://www.scotch-whisky.org.uk/media/f2fm4u0u/list-of-current-operating-scotch-whisky-distilleries-for-public-website-april-2026.pdf,Matched from RC1,Verify ownership history notes,
54,AVD-DEERNESS,Deerness Distillery,Operating,Islands,Islands,Malt,,,,,,,,,,,,,,,,,,,,,,,,5,SWA baseline verified; enrichment pending,2026-07-02,SRC-SWA-APRIL-2026,https://www.scotch-whisky.org.uk/media/f2fm4u0u/list-of-current-operating-scotch-whisky-distilleries-for-public-website-april-2026.pdf,Added in RC2,"Add/verify owner, address, coordinates and technical fields from official sources.",
55,DIST-HLD-0028,Dornoch Distillery,Operating,Highlands,Highlands,Malt,2017,Dornoch Distillery Co.,Thompson Bros.,,,,1,1,2,Traditional,,,,Direct Fired,20000,"Craft, fruity",Variable,Yes,Yes,https://www.dornochdistillery.com,,,4,2,Matched RC1; SWA baseline verified,2026-07-02,SRC-SWA-APRIL-2026,https://www.scotch-whisky.org.uk/media/f2fm4u0u/list-of-current-operating-scotch-whisky-distilleries-for-public-website-april-2026.pdf,Matched from RC1,Small-scale craft distillery.,
56,DIST-SPY-0018,Dufftown Distillery,Operating,Speyside,Speyside,Malt,1896,Diageo,Diageo,,,Jock's Well,2,2,4,Traditional copper pot stills,,,,,Steam,6000000,"Nutty, cereal",No,No,No,https://www.malts.com,,,4,Matched RC1; SWA baseline verified,2026-07-02,SRC-SWA-APRIL-2026,https://www.scotch-whisky.org.uk/media/f2fm4u0u/list-of-current-operating-scotch-whisky-distilleries-for-public-website-april-2026.pdf,Matched from RC1,Verify technical data,
57,DIST-SPY-0051,Dunphail Distillery,Operating,Speyside,Speyside,Malt,2023,Bimber Distillery Co.,Bimber Distillery Co.,"Dunphail, Moray, Scotland",,,,,,Traditional copper pot stills,,,,,,,,Variable,No,No,https://www.dunphaildistillery.com,,,4,Matched RC1; SWA baseline verified,2026-07-02,SRC-SWA-APRIL-2026,https://www.scotch-whisky.org.uk/media/f2fm4u0u/list-of-current-operating-scotch-whisky-distilleries-for-public-website-april-2026.pdf,Matched from RC1,Confirm full technical and visitor data,Added from SWA April 2026 operating list.
58,DIST-HLD-0009,Edradour Distillery,Operating,Highlands,Highlands,Malt,1825,Signatory Vintage,Signatory Vintage,,,,2,2,4,Traditional,,,,,Steam,300000,"Rich, oily",Partial,Yes,Yes,https://edradour.com,,,4,Matched RC1; SWA baseline verified,2026-07-02,SRC-SWA-APRIL-2026,https://www.scotch-whisky.org.uk/media/f2fm4u0u/list-of-current-operating-scotch-whisky-distilleries-for-public-website-april-2026.pdf,Matched from RC1,Verify washbacks,
59,AVD-FALKIRK,Falkirk Distillery,Operating,Lowlands,Lowlands,Malt,,,,,,,,,,,,,,,,,,,,,,,,5,SWA baseline verified; enrichment pending,2026-07-02,SRC-SWA-APRIL-2026,https://www.scotch-whisky.org.uk/media/f2fm4u0u/list-of-current-operating-scotch-whisky-distilleries-for-public-website-april-2026.pdf,Added in RC2,"Add/verify owner, address, coordinates and technical fields from official sources.",
60,DIST-HLD-0010,Fettercairn Distillery,Operating,Highlands,Highlands,Malt,1824,Whyte & Mackay,Emperador Inc.,,,,2,2,4,Traditional,,,,,Steam,3200000,"Tropical, clean",No,Yes,Yes,https://www.fettercairnwhisky.com,,,4,Matched RC1; SWA baseline verified,2026-07-02,SRC-SWA-APRIL-2026,https://www.scotch-whisky.org.uk/media/f2fm4u0u/list-of-current-operating-scotch-whisky-distilleries-for-public-website-april-2026.pdf,Matched from RC1,Verify cooling ring details,
61,AVD-GALLOWAY,Galloway Distillery,Operating,Lowlands,Lowlands,Malt,,,,,,,,,,,,,,,,,,,,,,,,5,SWA baseline verified; enrichment pending,2026-07-02,SRC-SWA-APRIL-2026,https://www.scotch-whisky.org.uk/media/f2fm4u0u/list-of-current-operating-scotch-whisky-distilleries-for-public-website-april-2026.pdf,Added in RC2,"Add/verify owner, address, coordinates and technical fields from official sources.",
62,DIST-GRN-0002,Girvan Distillery,Operating,Lowlands,Grain,Grain,1963,William Grant & Sons,William Grant & Sons,,,Reservoir supply,0,0,0,Continuous,,,,,Steam,110000000,Clean grain,No,No,No,https://www.grants.com,,,5,Matched RC1; SWA baseline verified,2026-07-02,SRC-SWA-APRIL-2026,https://www.scotch-whisky.org.uk/media/f2fm4u0u/list-of-current-operating-scotch-whisky-distilleries-for-public-website-april-2026.pdf,Matched from RC1,Backfill plant configuration,Integrated grain complex.
63,AVD-GLASGOW,Glasgow Distillery,Operating,Lowlands,Lowlands,Malt,,,,,,,,,,,,,,,,,,,,,,,,5,SWA baseline verified; enrichment pending,2026-07-02,SRC-SWA-APRIL-2026,https://www.scotch-whisky.org.uk/media/f2fm4u0u/list-of-current-operating-scotch-whisky-distilleries-for-public-website-april-2026.pdf,Added in RC2,"Add/verify owner, address, coordinates and technical fields from official sources.",
64,DIST-SPY-0020,Glen Elgin Distillery,Operating,Speyside,Speyside,Malt,1898,Diageo,Diageo,,,Millbuies Loch,3,3,6,Traditional copper pot stills,,,,,Steam,1800000,"Sweet, fruity",No,No,No,https://www.malts.com,,,3,Matched RC1; SWA baseline verified,2026-07-02,SRC-SWA-APRIL-2026,https://www.scotch-whisky.org.uk/media/f2fm4u0u/list-of-current-operating-scotch-whisky-distilleries-for-public-website-april-2026.pdf,Matched from RC1,Verify technical data,
65,DIST-HLD-0012,Glen Garioch Distillery,Operating,Highlands,Highlands,Malt,1797,Beam Suntory,Suntory Global Spirits,,,,2,2,4,Traditional,,,,,Steam,1400000,"Malty, spicy",Partial,Yes,Yes,https://www.glengarioch.com,,,4,Matched RC1; SWA baseline verified,2026-07-02,SRC-SWA-APRIL-2026,https://www.scotch-whisky.org.uk/media/f2fm4u0u/list-of-current-operating-scotch-whisky-distilleries-for-public-website-april-2026.pdf,Matched from RC1,Verify equipment,
66,DIST-SPY-0021,Glen Grant Distillery,Operating,Speyside,Speyside,Malt,1840,Campari Group,Campari Group,,,Caperdonich Well,5,5,10,Traditional copper pot stills,,,,,Steam,6000000,"Fresh, orchard fruit",No,Yes,Yes,https://www.glengrant.com,,,4,Matched RC1; SWA baseline verified,2026-07-02,SRC-SWA-APRIL-2026,https://www.scotch-whisky.org.uk/media/f2fm4u0u/list-of-current-operating-scotch-whisky-distilleries-for-public-website-april-2026.pdf,Matched from RC1,Verify capacity,
67,DIST-SPY-0022,Glen Keith Distillery,Operating,Speyside,Speyside,Malt,1957,Chivas Brothers,Pernod Ricard,,,River Isla,3,3,6,Traditional copper pot stills,,,,,Steam,6000000,"Light, floral",No,No,No,,,,3,Matched RC1; SWA baseline verified,2026-07-02,SRC-SWA-APRIL-2026,https://www.scotch-whisky.org.uk/media/f2fm4u0u/list-of-current-operating-scotch-whisky-distilleries-for-public-website-april-2026.pdf,Matched from RC1,Verify current technical data,
68,DIST-SPY-0023,Glen Moray Distillery,Operating,Speyside,Speyside,Malt,1897,La Martiniquaise-Bardinet,La Martiniquaise-Bardinet,,,River Lossie,3,3,6,Traditional copper pot stills,,,,,Steam,6500000,"Vanilla, citrus",No,Yes,Yes,https://www.glenmoray.com,,,4,Matched RC1; SWA baseline verified,2026-07-02,SRC-SWA-APRIL-2026,https://www.scotch-whisky.org.uk/media/f2fm4u0u/list-of-current-operating-scotch-whisky-distilleries-for-public-website-april-2026.pdf,Matched from RC1,Verify capacity,
69,DIST-HLD-0013,Glen Ord Distillery,Operating,Highlands,Highlands,Malt,1838,Diageo,Diageo,,,,7,7,14,Traditional,,,,,Steam,11000000,"Malty, fruity",No,Yes,Yes,https://www.malts.com,,,4,Matched RC1; SWA baseline verified,2026-07-02,SRC-SWA-APRIL-2026,https://www.scotch-whisky.org.uk/media/f2fm4u0u/list-of-current-operating-scotch-whisky-distilleries-for-public-website-april-2026.pdf,Matched from RC1,Verify still count,
70,AVD-GLEN-SCOTIA,Glen Scotia Distillery,Operating,Campbeltown,Campbeltown,Malt,1832,Loch Lomond Group,Loch Lomond Group,"Glen Scotia Distillery, 12 High Street, Campbeltown, Scotland",PA28 6DS,Crosshill Loch,1,1,2,Copper pot stills; onion-shaped stills,9,Stainless steel,,,Steam,750000,"Maritime, oily, Campbeltown style",Partial,Yes,Yes,https://www.glenscotia.com,,,4,Matched RC1; SWA baseline verified,2026-07-02,SRC-SWA-APRIL-2026,https://www.scotch-whisky.org.uk/media/f2fm4u0u/list-of-current-operating-scotch-whisky-distilleries-for-public-website-april-2026.pdf,Matched from RC1,,"Capacity sources vary; retained as 750,000 LPA from tourism/visitor source pending owner technical confirmation."
71,DIST-SPY-0019,GlenAllachie Distillery,Operating,Speyside,Speyside,Malt,1967,The GlenAllachie Distillers Co.,The GlenAllachie Distillers Co.,,,,2,2,4,Traditional copper pot stills,,,,,Steam,4200000,"Honeyed, rich",Partial,Yes,Yes,https://theglenallachie.com,,,4,Matched RC1; SWA baseline verified,2026-07-02,SRC-SWA-APRIL-2026,https://www.scotch-whisky.org.uk/media/f2fm4u0u/list-of-current-operating-scotch-whisky-distilleries-for-public-website-april-2026.pdf,Matched from RC1,Verify full equipment list,
72,DIST-SPY-0025,Glenburgie Distillery,Operating,Speyside,Speyside,Malt,1810,Chivas Brothers,Pernod Ricard,,,,3,3,6,Traditional copper pot stills,,,,,Steam,4200000,"Elegant, fruity",No,No,No,,,,3,Matched RC1; SWA baseline verified,2026-07-02,SRC-SWA-APRIL-2026,https://www.scotch-whisky.org.uk/media/f2fm4u0u/list-of-current-operating-scotch-whisky-distilleries-for-public-website-april-2026.pdf,Matched from RC1,Verify primary technical data,
73,DIST-HLD-0011,Glencadam Distillery,Operating,Highlands,Highlands,Malt,1825,Angus Dundee,Angus Dundee,,,,2,2,4,Traditional,,,,,Steam,1400000,Floral,No,Yes,Yes,https://www.glencadamwhisky.com,,,4,Matched RC1; SWA baseline verified,2026-07-02,SRC-SWA-APRIL-2026,https://www.scotch-whisky.org.uk/media/f2fm4u0u/list-of-current-operating-scotch-whisky-distilleries-for-public-website-april-2026.pdf,Matched from RC1,Verify capacity,
74,AVD-GLENDRONACH,Glendronach Distillery,Operating,Highlands,Highlands,Malt,,,,,,,,,,,,,,,,,,,,,,,,5,SWA baseline verified; enrichment pending,2026-07-02,SRC-SWA-APRIL-2026,https://www.scotch-whisky.org.uk/media/f2fm4u0u/list-of-current-operating-scotch-whisky-distilleries-for-public-website-april-2026.pdf,Added in RC2,"Add/verify owner, address, coordinates and technical fields from official sources.",
75,DIST-SPY-0026,Glendullan Distillery,Operating,Speyside,Speyside,Malt,1897,Diageo,Diageo,,,,3,3,6,Traditional copper pot stills,,,,,Steam,5200000,"Fresh, malty",No,No,No,https://www.malts.com,,,3,Matched RC1; SWA baseline verified,2026-07-02,SRC-SWA-APRIL-2026,https://www.scotch-whisky.org.uk/media/f2fm4u0u/list-of-current-operating-scotch-whisky-distilleries-for-public-website-april-2026.pdf,Matched from RC1,Verify production details,
76,DIST-SPY-0027,Glenfarclas Distillery,Operating,Speyside,Speyside,Malt,1836,J. & G. Grant,J. & G. Grant,,,Ben Rinnes springs,3,3,6,Traditional copper pot stills,,,,,Direct Fired / Steam,3500000,Sherried,Partial,Yes,Yes,https://www.glenfarclas.com,,,4,Matched RC1; SWA baseline verified,2026-07-02,SRC-SWA-APRIL-2026,https://www.scotch-whisky.org.uk/media/f2fm4u0u/list-of-current-operating-scotch-whisky-distilleries-for-public-website-april-2026.pdf,Matched from RC1,Confirm current heating method split,
77,DIST-SPY-0028,Glenfiddich Distillery,Operating,Speyside,Speyside,Malt,1886,William Grant & Sons,William Grant & Sons,"The Glenfiddich Distillery, Dufftown, Banffshire, Scotland",AB55 4DH,Robbie Dhu springs,,,43,Traditional copper pot stills,,,,,Steam,21000000,"Fruity, orchard fruit, vanilla",No,Yes,Yes,https://www.glenfiddich.com/distillery,,,4,Matched RC1; SWA baseline verified,2026-07-02,SRC-SWA-APRIL-2026,https://www.scotch-whisky.org.uk/media/f2fm4u0u/list-of-current-operating-scotch-whisky-distilleries-for-public-website-april-2026.pdf,Matched from RC1,Confirm wash/spirit split from primary source,
78,DIST-HLD-0031,Glenglassaugh Distillery,Operating,Highlands,Highlands,Malt,1875,Brown-Forman,Brown-Forman,,,Glassaugh Burn,2,2,4,Traditional,,,,,Steam,1300000,"Coastal, fruity",Partial,Yes,Yes,https://www.glenglassaugh.com,,,4,Matched RC1; SWA baseline verified,2026-07-02,SRC-SWA-APRIL-2026,https://www.scotch-whisky.org.uk/media/f2fm4u0u/list-of-current-operating-scotch-whisky-distilleries-for-public-website-april-2026.pdf,Matched from RC1,Verify technical equipment,
79,AVD-GLENGOYNE,Glengoyne Distillery,Operating,Highlands,Highlands,Malt,,,,,,,,,,,,,,,,,,,,,,,,5,SWA baseline verified; enrichment pending,2026-07-02,SRC-SWA-APRIL-2026,https://www.scotch-whisky.org.uk/media/f2fm4u0u/list-of-current-operating-scotch-whisky-distilleries-for-public-website-april-2026.pdf,Added in RC2,"Add/verify owner, address, coordinates and technical fields from official sources.",
80,AVD-GLENGYLE,Glengyle Distillery,Operating,Campbeltown,Campbeltown,Malt,1872,Mitchells Glengyle Ltd.,J. & A. Mitchell & Company Ltd.,"Mitchells Glengyle Ltd, Well Close, Campbeltown, Argyll, Scotland",PA28 6ET,,1,1,2,Copper pot stills,,,,,Steam,,"Malty, coastal, lightly peated Campbeltown style",Partial,Yes,Yes,https://kilkerran.scot,,,4,Matched RC1; SWA baseline verified,2026-07-02,SRC-SWA-APRIL-2026,https://www.scotch-whisky.org.uk/media/f2fm4u0u/list-of-current-operating-scotch-whisky-distilleries-for-public-website-april-2026.pdf,Matched from RC1,,Originally founded in the 19th century; production rebuilt/resumed in 2004. Tours depart via Springbank shop.
81,AVD-GLENKINCHIE,Glenkinchie Distillery,Operating,Lowlands,Lowlands,Malt,,,,,,,,,,,,,,,,,,,,,,,,5,SWA baseline verified; enrichment pending,2026-07-02,SRC-SWA-APRIL-2026,https://www.scotch-whisky.org.uk/media/f2fm4u0u/list-of-current-operating-scotch-whisky-distilleries-for-public-website-april-2026.pdf,Added in RC2,"Add/verify owner, address, coordinates and technical fields from official sources.",
82,DIST-SPY-0029,Glenlivet Distillery,Operating,Speyside,Speyside,Malt,1824,Chivas Brothers,Pernod Ricard,"The Glenlivet Distillery, Ballindalloch, Banffshire, Scotland",AB37 9DB,Josie's Well; Blairfindy Well,7,7,14,Traditional copper pot stills,,,,,Steam,10500000,"Floral, fruity, smooth",No,Yes,Yes,https://www.theglenlivet.com/en-gb/,,,4,Matched RC1; SWA baseline verified,2026-07-02,SRC-SWA-APRIL-2026,https://www.scotch-whisky.org.uk/media/f2fm4u0u/list-of-current-operating-scotch-whisky-distilleries-for-public-website-april-2026.pdf,Matched from RC1,Verify full production equipment details,
83,DIST-SPY-0030,Glenlossie Distillery,Operating,Speyside,Speyside,Malt,1876,Diageo,Diageo,,,,3,3,6,Traditional copper pot stills,,,,,Steam,3700000,"Light, grassy, fruity",No,No,No,https://www.malts.com,,,3,Matched RC1; SWA baseline verified,2026-07-02,SRC-SWA-APRIL-2026,https://www.scotch-whisky.org.uk/media/f2fm4u0u/list-of-current-operating-scotch-whisky-distilleries-for-public-website-april-2026.pdf,Matched from RC1,Verify all technical details,
84,DIST-HLD-0014,Glenmorangie Distillery,Operating,Highlands,Highlands,Malt,1843,Glenmorangie Co.,LVMH,,,Tarlogie Springs,6,6,12,Traditional,,,,,Steam,6500000,"Elegant, citrus",No,Yes,Yes,https://www.glenmorangie.com,,,5,Matched RC1; SWA baseline verified,2026-07-02,SRC-SWA-APRIL-2026,https://www.scotch-whisky.org.uk/media/f2fm4u0u/list-of-current-operating-scotch-whisky-distilleries-for-public-website-april-2026.pdf,Matched from RC1,Confirm latest capacity,
85,DIST-SPY-0031,Glenrothes Distillery,Operating,Speyside,Speyside,Malt,1879,The Edrington Group,The Edrington Group,,,,5,5,10,Traditional copper pot stills,,,,,Steam,5600000,"Sherried, fruity, spicy",No,Yes,Yes,https://www.theglenrothes.com,,,3,Matched RC1; SWA baseline verified,2026-07-02,SRC-SWA-APRIL-2026,https://www.scotch-whisky.org.uk/media/f2fm4u0u/list-of-current-operating-scotch-whisky-distilleries-for-public-website-april-2026.pdf,Matched from RC1,Verify current visitor/tour status and capacity,
86,DIST-SPY-0032,Glentauchers Distillery,Operating,Speyside,Speyside,Malt,1897,Chivas Brothers,Pernod Ricard,,,,3,3,6,Traditional copper pot stills,,,,,Steam,4200000,"Light, malty, fruity",No,No,No,,,,3,Matched RC1; SWA baseline verified,2026-07-02,SRC-SWA-APRIL-2026,https://www.scotch-whisky.org.uk/media/f2fm4u0u/list-of-current-operating-scotch-whisky-distilleries-for-public-website-april-2026.pdf,Matched from RC1,Verify technical details and full address,
87,DIST-HLD-0032,Glenturret Distillery,Operating,Highlands,Highlands,Malt,1763,The Glenturret Ltd.,Lalique Group,,,Turret Burn,2,2,4,Traditional,,,,,Steam,1200000,"Rich, cereal",Partial,Yes,Yes,https://theglenturret.com,,,5,Matched RC1; SWA baseline verified,2026-07-02,SRC-SWA-APRIL-2026,https://www.scotch-whisky.org.uk/media/f2fm4u0u/list-of-current-operating-scotch-whisky-distilleries-for-public-website-april-2026.pdf,Matched from RC1,Verify current capacity,Oldest working distillery claim.
88,DIST-HLD-0036,GlenWyvis Distillery,Operating,Highlands,Highlands,Malt,2017,GlenWyvis Distillery,GlenWyvis Distillery,,,Ben Wyvis water,1,1,2,Traditional,,,,,Steam,150000,"Light, fruity",No,Yes,Yes,https://glenwyvis.com,,,4,Matched RC1; SWA baseline verified,2026-07-02,SRC-SWA-APRIL-2026,https://www.scotch-whisky.org.uk/media/f2fm4u0u/list-of-current-operating-scotch-whisky-distilleries-for-public-website-april-2026.pdf,Matched from RC1,Verify latest production figures,Community-owned distillery.
89,DIST-ISD-0005,Highland Park Distillery,Operating,Islands,Islands,Malt,1798,Highland Park Distillery,Edrington,,,Cattie Maggie's Spring,2,2,4,Traditional,,,,,Steam,2500000,"Heather honey, lightly smoky",Partial,Yes,Yes,https://www.highlandparkwhisky.com,,,5,Matched RC1; SWA baseline verified,2026-07-02,SRC-SWA-APRIL-2026,https://www.scotch-whisky.org.uk/media/f2fm4u0u/list-of-current-operating-scotch-whisky-distilleries-for-public-website-april-2026.pdf,Matched from RC1,Verify equipment,Orkney.
90,AVD-HOLYROOD,Holyrood Distillery,Operating,Lowlands,Lowlands,Malt,,,,,,,,,,,,,,,,,,,,,,,,5,SWA baseline verified; enrichment pending,2026-07-02,SRC-SWA-APRIL-2026,https://www.scotch-whisky.org.uk/media/f2fm4u0u/list-of-current-operating-scotch-whisky-distilleries-for-public-website-april-2026.pdf,Added in RC2,"Add/verify owner, address, coordinates and technical fields from official sources.",
91,AVD-INCHDAIRNIE,InchDairnie Distillery,Operating,Lowlands,Lowlands,Malt,,,,,,,,,,,,,,,,,,,,,,,,5,SWA baseline verified; enrichment pending,2026-07-02,SRC-SWA-APRIL-2026,https://www.scotch-whisky.org.uk/media/f2fm4u0u/list-of-current-operating-scotch-whisky-distilleries-for-public-website-april-2026.pdf,Added in RC2,"Add/verify owner, address, coordinates and technical fields from official sources.",
92,DIST-SPY-0033,Inchgower Distillery,Operating,Speyside,Speyside,Malt,1871,Diageo,Diageo,,,,1,1,2,Traditional copper pot stills,,,,,Steam,3200000,"Coastal, nutty, spicy",No,No,No,https://www.malts.com,,,3,Matched RC1; SWA baseline verified,2026-07-02,SRC-SWA-APRIL-2026,https://www.scotch-whisky.org.uk/media/f2fm4u0u/list-of-current-operating-scotch-whisky-distilleries-for-public-website-april-2026.pdf,Matched from RC1,Confirm final regional taxonomy,Often listed as Speyside despite coastal location near Buckie.
93,DIST-GRN-0005,Invergordon Distillery,Operating,Highlands,Grain,Grain,1961,Whyte & Mackay,Emperador Inc.,,,Cromarty Firth supply,0,0,0,Continuous,,,,,Steam,40000000,Grain whisky,No,No,No,https://www.whyteandmackay.com,,,5,Matched RC1; SWA baseline verified,2026-07-02,SRC-SWA-APRIL-2026,https://www.scotch-whisky.org.uk/media/f2fm4u0u/list-of-current-operating-scotch-whisky-distilleries-for-public-website-april-2026.pdf,Matched from RC1,Backfill coordinates,Highland grain distillery.
94,AVD-ISLE-OF-HARRIS,Isle of Harris Distillery,Operating,Islands,Islands,Malt,,,,,,,,,,,,,,,,,,,,,,,,5,SWA baseline verified; enrichment pending,2026-07-02,SRC-SWA-APRIL-2026,https://www.scotch-whisky.org.uk/media/f2fm4u0u/list-of-current-operating-scotch-whisky-distilleries-for-public-website-april-2026.pdf,Added in RC2,"Add/verify owner, address, coordinates and technical fields from official sources.",
95,AVD-ISLE-OF-JURA,Isle of Jura Distillery,Operating,Islands,Islands,Malt,,,,,,,,,,,,,,,,,,,,,,,,5,SWA baseline verified; enrichment pending,2026-07-02,SRC-SWA-APRIL-2026,https://www.scotch-whisky.org.uk/media/f2fm4u0u/list-of-current-operating-scotch-whisky-distilleries-for-public-website-april-2026.pdf,Added in RC2,"Add/verify owner, address, coordinates and technical fields from official sources.",
96,AVD-ISLE-OF-RAASAY,Isle of Raasay Distillery,Operating,Islands,Islands,Malt,,,,,,,,,,,,,,,,,,,,,,,,5,SWA baseline verified; enrichment pending,2026-07-02,SRC-SWA-APRIL-2026,https://www.scotch-whisky.org.uk/media/f2fm4u0u/list-of-current-operating-scotch-whisky-distilleries-for-public-website-april-2026.pdf,Added in RC2,"Add/verify owner, address, coordinates and technical fields from official sources.",
97,AVD-ISLE-OF-TIREE,Isle of Tiree Distillery,Operating,Islands,Islands,Malt,,,,,,,,,,,,,,,,,,,,,,,,5,SWA baseline verified; enrichment pending,2026-07-02,SRC-SWA-APRIL-2026,https://www.scotch-whisky.org.uk/media/f2fm4u0u/list-of-current-operating-scotch-whisky-distilleries-for-public-website-april-2026.pdf,Added in RC2,"Add/verify owner, address, coordinates and technical fields from official sources.",
98,AVD-JACKTON,Jackton Distillery,Operating,Lowlands,Lowlands,Malt,,,,,,,,,,,,,,,,,,,,,,,,5,SWA baseline verified; enrichment pending,2026-07-02,SRC-SWA-APRIL-2026,https://www.scotch-whisky.org.uk/media/f2fm4u0u/list-of-current-operating-scotch-whisky-distilleries-for-public-website-april-2026.pdf,Added in RC2,"Add/verify owner, address, coordinates and technical fields from official sources.",
99,DIST-ISL-0007,Kilchoman Distillery,Operating,Islay,Islay,Malt,2005,Kilchoman Distillery,Kilchoman Distillery,,,Allt Gleann Osamail,2,2,4,Traditional,,,,,Steam,500000,"Farm distillery, smoky",Yes,Yes,Yes,https://www.kilchomandistillery.com,,,5,Matched RC1; SWA baseline verified,2026-07-02,SRC-SWA-APRIL-2026,https://www.scotch-whisky.org.uk/media/f2fm4u0u/list-of-current-operating-scotch-whisky-distilleries-for-public-website-april-2026.pdf,Matched from RC1,Verify mash tun & washbacks,Farm-to-bottle producer.
100,DIST-LWD-0004,Kingsbarns Distillery,Operating,Lowlands,Lowlands,Malt,2014,Kingsbarns Distillery,Wemyss Family Spirits,,,Aquifer,2,2,4,Traditional,,,,,Steam,500000,"Fruity, elegant",No,Yes,Yes,https://www.kingsbarnsdistillery.com,,,5,Matched RC1; SWA baseline verified,2026-07-02,SRC-SWA-APRIL-2026,https://www.scotch-whisky.org.uk/media/f2fm4u0u/list-of-current-operating-scotch-whisky-distilleries-for-public-website-april-2026.pdf,Matched from RC1,Verify washback count,
101,DIST-SPY-0034,Kininvie Distillery,Operating,Speyside,Speyside,Malt,1990,William Grant & Sons,William Grant & Sons,,,,3,3,6,Traditional copper pot stills,,,,,Steam,4800000,"Light, sweet, floral",No,No,No,,,,3,Matched RC1; SWA baseline verified,2026-07-02,SRC-SWA-APRIL-2026,https://www.scotch-whisky.org.uk/media/f2fm4u0u/list-of-current-operating-scotch-whisky-distilleries-for-public-website-april-2026.pdf,Matched from RC1,Verify public technical details and operating status,
102,DIST-SPY-0035,Knockando Distillery,Operating,Speyside,Speyside,Malt,1898,Diageo,Diageo,,,,2,2,4,Traditional copper pot stills,,,,,Steam,1500000,"Soft, nutty, fruity",No,No,No,https://www.malts.com,,,3,Matched RC1; SWA baseline verified,2026-07-02,SRC-SWA-APRIL-2026,https://www.scotch-whisky.org.uk/media/f2fm4u0u/list-of-current-operating-scotch-whisky-distilleries-for-public-website-april-2026.pdf,Matched from RC1,Verify water source and equipment,
103,DIST-HLD-0025,Knockdhu Distillery,Operating,Highlands,Highlands,Malt,1894,Inver House Distillers,International Beverage,,,Knock Burn,2,2,4,Traditional,,,,,Steam,1800000,"Fresh, honeyed",Partial,Yes,Yes,https://ancnoc.com,,,4,Matched RC1; SWA baseline verified,2026-07-02,SRC-SWA-APRIL-2026,https://www.scotch-whisky.org.uk/media/f2fm4u0u/list-of-current-operating-scotch-whisky-distilleries-for-public-website-april-2026.pdf,Matched from RC1,Verify equipment details,"Distillery name Knockdhu, brand anCnoc."
104,DIST-ISL-0008,Lagavulin Distillery,Operating,Islay,Islay,Malt,1816,Diageo,Diageo,,,Loch Sholum,2,2,4,Traditional,,,,,Steam,2400000,"Rich, smoky",Yes,Yes,Yes,https://www.malts.com,,,5,Matched RC1; SWA baseline verified,2026-07-02,SRC-SWA-APRIL-2026,https://www.scotch-whisky.org.uk/media/f2fm4u0u/list-of-current-operating-scotch-whisky-distilleries-for-public-website-april-2026.pdf,Matched from RC1,Verify current capacity,
105,DIST-ISL-0012,Lagg Distillery,Operating,Islands,Islands,Malt,2019,Isle of Arran Distillers,Isle of Arran Distillers,,,,2,2,4,Traditional,,,,,Steam,750000,Heavily peated,Yes,Yes,Yes,https://www.laggwhisky.com,,,4,Matched RC1; SWA baseline verified,2026-07-02,SRC-SWA-APRIL-2026,https://www.scotch-whisky.org.uk/media/f2fm4u0u/list-of-current-operating-scotch-whisky-distilleries-for-public-website-april-2026.pdf,Matched from RC1,Move to Islands master during reconciliation,Included temporarily for taxonomy review.
106,DIST-ISL-0019,Laggan Bay Distillery,Operating,Islay,Islay,Malt,2025,Laggan Bay Distillers,Laggan Bay Distillers,,,,,,,,,,,,,,Variable,Planned,Planned,,,,3,1,Matched RC1; SWA baseline verified,2026-07-02,SRC-SWA-APRIL-2026,https://www.scotch-whisky.org.uk/media/f2fm4u0u/list-of-current-operating-scotch-whisky-distilleries-for-public-website-april-2026.pdf,Matched from RC1,Planned project record.,
107,DIST-ISL-0009,Laphroaig Distillery,Operating,Islay,Islay,Malt,1815,Beam Suntory,Suntory Global Spirits,,,Kilbride Stream,3,4,7,Traditional,,,,,Steam,3300000,"Medicinal, smoky",Yes,Yes,Yes,https://www.laphroaig.com,,,5,Matched RC1; SWA baseline verified,2026-07-02,SRC-SWA-APRIL-2026,https://www.scotch-whisky.org.uk/media/f2fm4u0u/list-of-current-operating-scotch-whisky-distilleries-for-public-website-april-2026.pdf,Matched from RC1,Verify still split,Friends of Laphroaig programme.
108,DIST-HLD-0035,Lindores Abbey Distillery,Operating,Highlands,Highlands,Malt,2017,Lindores Abbey Distillery,Lindores Abbey Distillery,,,,2,2,4,Traditional,,,,,Steam,500000,"Malty, fruity",No,Yes,Yes,https://lindoresabbeydistillery.com,,,4,Matched RC1; SWA baseline verified,2026-07-02,SRC-SWA-APRIL-2026,https://www.scotch-whisky.org.uk/media/f2fm4u0u/list-of-current-operating-scotch-whisky-distilleries-for-public-website-april-2026.pdf,Matched from RC1,Review regional classification (Lowlands vs Highlands),Taxonomy review required.
109,DIST-SPY-0036,Linkwood Distillery,Operating,Speyside,Speyside,Malt,1821,Diageo,Diageo,,,,3,3,6,Traditional copper pot stills,,,,,Steam,5600000,"Floral, grassy, fruity",No,No,No,https://www.malts.com,,,3,Matched RC1; SWA baseline verified,2026-07-02,SRC-SWA-APRIL-2026,https://www.scotch-whisky.org.uk/media/f2fm4u0u/list-of-current-operating-scotch-whisky-distilleries-for-public-website-april-2026.pdf,Matched from RC1,Verify current production specifications,
110,DIST-GRN-0006,Loch Lomond Grain Distillery,Operating,Highlands,Grain,Grain,1964,Loch Lomond Group,Loch Lomond Group,,,Loch Lomond,0,0,0,Continuous,,,,,Steam,,Grain whisky,No,Yes,Yes,https://www.lochlomondwhiskies.com,,,4,Matched RC1; SWA baseline verified,2026-07-02,SRC-SWA-APRIL-2026,https://www.scotch-whisky.org.uk/media/f2fm4u0u/list-of-current-operating-scotch-whisky-distilleries-for-public-website-april-2026.pdf,Matched from RC1,Separate grain plant from malt in master model,Same site as malt distillery.
111,DIST-HLD-0015,Loch Lomond Malt Distillery,Operating,Highlands,Highlands,Malt & Grain,1964,Loch Lomond Group,Loch Lomond Group,,,Loch Lomond,6,6,12,Traditional & Lomond,,,,,Steam,18000000,Versatile,Variable,Yes,Yes,https://www.lochlomondwhiskies.com,,,4,Matched RC1; SWA baseline verified,2026-07-02,SRC-SWA-APRIL-2026,https://www.scotch-whisky.org.uk/media/f2fm4u0u/list-of-current-operating-scotch-whisky-distilleries-for-public-website-april-2026.pdf,Matched from RC1,Separate malt/grain details later,Produces multiple brands.
112,DIST-HLD-0033,Lochlea Distillery,Operating,Highlands,Highlands,Malt,2018,Lochlea Distillery,Lochlea Distillery,,,,1,1,2,Traditional,,,,,Steam,200000,"Fresh, fruity",No,Yes,Yes,https://www.lochleadistillery.com,,,4,Matched RC1; SWA baseline verified,2026-07-02,SRC-SWA-APRIL-2026,https://www.scotch-whisky.org.uk/media/f2fm4u0u/list-of-current-operating-scotch-whisky-distilleries-for-public-website-april-2026.pdf,Matched from RC1,Review regional classification (Lowlands vs Highlands),Hold for taxonomy reconciliation.
113,DIST-ISD-0001,Lochranza Distillery,Operating,Islands,Islands,Malt,1995,Isle of Arran Distillers,Isle of Arran Distillers,,,Loch na Davie,2,2,4,Traditional,,,,,Steam,750000,"Fresh, fruity",No,Yes,Yes,https://www.arranwhisky.com,,,5,Matched RC1; SWA baseline verified,2026-07-02,SRC-SWA-APRIL-2026,https://www.scotch-whisky.org.uk/media/f2fm4u0u/list-of-current-operating-scotch-whisky-distilleries-for-public-website-april-2026.pdf,Matched from RC1,Verify technical equipment,Lochranza distillery.
114,DIST-SPY-0037,Longmorn Distillery,Operating,Speyside,Speyside,Malt,1894,Chivas Brothers,Pernod Ricard,,,,4,4,8,Traditional copper pot stills,,,,,Steam,4500000,"Rich, fruity, honeyed",No,No,No,https://www.longmorn.com,,,3,Matched RC1; SWA baseline verified,2026-07-02,SRC-SWA-APRIL-2026,https://www.scotch-whisky.org.uk/media/f2fm4u0u/list-of-current-operating-scotch-whisky-distilleries-for-public-website-april-2026.pdf,Matched from RC1,Verify capacity and technical specifications,
115,DIST-SPY-0038,Macallan Distillery,Operating,Speyside,Speyside,Malt,1824,The Macallan Distillers Ltd,The Edrington Group,"The Macallan Distillery Experience, The Macallan Distillers Ltd, Easter Elchies, Craigellachie, Scotland",AB38 9RX,,12,24,36,Traditional copper pot stills,,,,,Steam,15000000,"Rich, sherried, dried fruit, spice",No,Yes,Yes,https://www.themacallan.com/en/experience-the-macallan/distillery,,,4,Matched RC1; SWA baseline verified,2026-07-02,SRC-SWA-APRIL-2026,https://www.scotch-whisky.org.uk/media/f2fm4u0u/list-of-current-operating-scotch-whisky-distilleries-for-public-website-april-2026.pdf,Matched from RC1,Confirm current still count and capacity from owner technical publication,
116,AVD-MACDUFF,Macduff Distillery,Operating,Highlands,Highlands,Malt,,,,,,,,,,,,,,,,,,,,,,,,5,SWA baseline verified; enrichment pending,2026-07-02,SRC-SWA-APRIL-2026,https://www.scotch-whisky.org.uk/media/f2fm4u0u/list-of-current-operating-scotch-whisky-distilleries-for-public-website-april-2026.pdf,Added in RC2,"Add/verify owner, address, coordinates and technical fields from official sources.",
117,DIST-SPY-0039,Mannochmore Distillery,Operating,Speyside,Speyside,Malt,1971,Diageo,Diageo,,,,4,4,8,Traditional copper pot stills,,,,,Steam,4500000,"Light, dry, malty",No,No,No,https://www.malts.com,,,3,Matched RC1; SWA baseline verified,2026-07-02,SRC-SWA-APRIL-2026,https://www.scotch-whisky.org.uk/media/f2fm4u0u/list-of-current-operating-scotch-whisky-distilleries-for-public-website-april-2026.pdf,Matched from RC1,Verify production specifications and full address,
118,DIST-SPY-0040,Miltonduff Distillery,Operating,Speyside,Speyside,Malt,1824,Chivas Brothers,Pernod Ricard,,,,3,3,6,Traditional copper pot stills,,,,,Steam,5700000,"Elegant, fruity",No,No,No,,,,3,Matched RC1; SWA baseline verified,2026-07-02,SRC-SWA-APRIL-2026,https://www.scotch-whisky.org.uk/media/f2fm4u0u/list-of-current-operating-scotch-whisky-distilleries-for-public-website-april-2026.pdf,Matched from RC1,Verify technical specifications,
119,AVD-MOFFAT,Moffat Distillery,Operating,Lowlands,Lowlands,Malt,,,,,,,,,,,,,,,,,,,,,,,,5,SWA baseline verified; enrichment pending,2026-07-02,SRC-SWA-APRIL-2026,https://www.scotch-whisky.org.uk/media/f2fm4u0u/list-of-current-operating-scotch-whisky-distilleries-for-public-website-april-2026.pdf,Added in RC2,"Add/verify owner, address, coordinates and technical fields from official sources.",
120,DIST-SPY-0041,Mortlach Distillery,Operating,Speyside,Speyside,Malt,1823,Diageo,Diageo,,,Dorie's Well,3,3,6,Traditional copper pot stills; 2.81 distillation regime,,,,,Steam,3900000,"Meaty, rich",No,Yes,Yes,https://www.malts.com,,,4,Matched RC1; SWA baseline verified,2026-07-02,SRC-SWA-APRIL-2026,https://www.scotch-whisky.org.uk/media/f2fm4u0u/list-of-current-operating-scotch-whisky-distilleries-for-public-website-april-2026.pdf,Matched from RC1,Verify current washback count,
121,DIST-HLD-0029,Ncn'ean Distillery,Operating,Highlands,Highlands,Malt,2017,Nc'nean Distillery,Nc'nean Distillery,,,Drimnin Burn,1,1,2,Traditional,,,,,Steam,450000,"Organic, fruity",No,Yes,Yes,https://ncnean.com,,,5,Matched RC1; SWA baseline verified,2026-07-02,SRC-SWA-APRIL-2026,https://www.scotch-whisky.org.uk/media/f2fm4u0u/list-of-current-operating-scotch-whisky-distilleries-for-public-website-april-2026.pdf,Matched from RC1,Verify latest capacity,Organic production.
122,DIST-GRN-0003,North British Distillery,Operating,Lowlands,Grain,Grain,1885,North British Distillery Co.,Diageo & Edrington,,,Municipal supply,0,0,0,Continuous,,,,,Steam,70000000,Blended whisky grain,No,No,No,https://www.northbritish.co.uk,,,5,Matched RC1; SWA baseline verified,2026-07-02,SRC-SWA-APRIL-2026,https://www.scotch-whisky.org.uk/media/f2fm4u0u/list-of-current-operating-scotch-whisky-distilleries-for-public-website-april-2026.pdf,Matched from RC1,Verify ownership wording,Joint venture.
123,AVD-NORTH-POINT,North Point Distillery,Operating,Highlands,Highlands,Malt,,,,,,,,,,,,,,,,,,,,,,,,5,SWA baseline verified; enrichment pending,2026-07-02,SRC-SWA-APRIL-2026,https://www.scotch-whisky.org.uk/media/f2fm4u0u/list-of-current-operating-scotch-whisky-distilleries-for-public-website-april-2026.pdf,Added in RC2,"Add/verify owner, address, coordinates and technical fields from official sources.",
124,AVD-NORTH-UIST,North Uist Distillery,Operating,Islands,Islands,Malt,,,,,,,,,,,,,,,,,,,,,,,,5,SWA baseline verified; enrichment pending,2026-07-02,SRC-SWA-APRIL-2026,https://www.scotch-whisky.org.uk/media/f2fm4u0u/list-of-current-operating-scotch-whisky-distilleries-for-public-website-april-2026.pdf,Added in RC2,"Add/verify owner, address, coordinates and technical fields from official sources.",
125,DIST-HLD-0016,Oban Distillery,Operating,Highlands,Highlands,Malt,1794,Diageo,Diageo,,,,2,2,4,Traditional,,,,,Steam,870000,"Maritime, fruity",No,Yes,Yes,https://www.malts.com,,,5,Matched RC1; SWA baseline verified,2026-07-02,SRC-SWA-APRIL-2026,https://www.scotch-whisky.org.uk/media/f2fm4u0u/list-of-current-operating-scotch-whisky-distilleries-for-public-website-april-2026.pdf,Matched from RC1,Verify technical data,
126,AVD-ORKNEY,Orkney Distillery,Operating,Islands,Islands,Malt,,,,,,,,,,,,,,,,,,,,,,,,5,SWA baseline verified; enrichment pending,2026-07-02,SRC-SWA-APRIL-2026,https://www.scotch-whisky.org.uk/media/f2fm4u0u/list-of-current-operating-scotch-whisky-distilleries-for-public-website-april-2026.pdf,Added in RC2,"Add/verify owner, address, coordinates and technical fields from official sources.",
127,DIST-ISL-0010,Port Ellen Distillery,Operating,Islay,Islay,Malt,1825,Diageo,Diageo,,,Leorin Lochs,3,3,6,Traditional,,,,,Steam,,"Elegant, smoky",Yes,Yes,Yes,https://www.portellen.com,,,4,Matched RC1; SWA baseline verified,2026-07-02,SRC-SWA-APRIL-2026,https://www.scotch-whisky.org.uk/media/f2fm4u0u/list-of-current-operating-scotch-whisky-distilleries-for-public-website-april-2026.pdf,Matched from RC1,Verify reopened production capacity,Reopened in 2024.
128,AVD-PORT-OF-LEITH,Port of Leith Distillery,Operating,Lowlands,Lowlands,Malt,,,,,,,,,,,,,,,,,,,,,,,,5,SWA baseline verified; enrichment pending,2026-07-02,SRC-SWA-APRIL-2026,https://www.scotch-whisky.org.uk/media/f2fm4u0u/list-of-current-operating-scotch-whisky-distilleries-for-public-website-april-2026.pdf,Added in RC2,"Add/verify owner, address, coordinates and technical fields from official sources.",
129,DIST-HLD-0017,Pulteney Distillery,Operating,Highlands,Highlands,Malt,1826,International Beverage,International Beverage,,,,2,2,4,Traditional,,,,,Steam,1800000,"Maritime, briny",No,Yes,Yes,https://www.oldpulteney.com,,,4,Matched RC1; SWA baseline verified,2026-07-02,SRC-SWA-APRIL-2026,https://www.scotch-whisky.org.uk/media/f2fm4u0u/list-of-current-operating-scotch-whisky-distilleries-for-public-website-april-2026.pdf,Matched from RC1,Verify water source and coordinates,
130,AVD-REIVERS,Reivers Distillery,Operating,Lowlands,Lowlands,Malt,,,,,,,,,,,,,,,,,,,,,,,,5,SWA baseline verified; enrichment pending,2026-07-02,SRC-SWA-APRIL-2026,https://www.scotch-whisky.org.uk/media/f2fm4u0u/list-of-current-operating-scotch-whisky-distilleries-for-public-website-april-2026.pdf,Added in RC2,"Add/verify owner, address, coordinates and technical fields from official sources.",
131,AVD-ROSEBANK,Rosebank Distillery,Operating,Lowlands,Lowlands,Malt,1798,Ian Macleod Distillers,Ian Macleod Distillers,"Rosebank Distillery, Falkirk",,,,,,,,,,,,,Lowland; triple-distilled; unpeated,No,Yes,Yes,https://www.rosebank.com/,,,5,SWA baseline verified; enrichment pending,2026-07-02,SRC-ROSEBANK-OFFICIAL,https://www.scotch-whisky.org.uk/media/f2fm4u0u/list-of-current-operating-scotch-whisky-distilleries-for-public-website-april-2026.pdf | https://www.rosebank.com/,Added in RC2,"Add/verify owner, address, coordinates and technical fields from official sources.",Official sources confirm rebuilt/reopened Rosebank; secondary sources confirm visitor opening in 2024.
132,DIST-SPY-0042,Roseisle Distillery,Operating,Speyside,Speyside,Malt,2010,Diageo,Diageo,,,,7,7,14,Traditional copper pot stills,,,,,Steam,10000000,"Clean, modern",Variable,No,No,,,,3,Matched RC1; SWA baseline verified,2026-07-02,SRC-SWA-APRIL-2026,https://www.scotch-whisky.org.uk/media/f2fm4u0u/list-of-current-operating-scotch-whisky-distilleries-for-public-website-april-2026.pdf,Matched from RC1,Verify public visitor information and technical data,
133,DIST-HLD-0018,Royal Brackla Distillery,Operating,Highlands,Highlands,Malt,1812,John Dewar & Sons,Bacardi,,,Cawdor Burn,3,3,6,Traditional,,,,,Steam,4100000,"Fruity, spicy",No,No,No,https://www.royalbrackla.com,,,4,Matched RC1; SWA baseline verified,2026-07-02,SRC-SWA-APRIL-2026,https://www.scotch-whisky.org.uk/media/f2fm4u0u/list-of-current-operating-scotch-whisky-distilleries-for-public-website-april-2026.pdf,Matched from RC1,Verify technical details,
134,DIST-HLD-0019,Royal Lochnagar Distillery,Operating,Highlands,Highlands,Malt,1845,Diageo,Diageo,,,Scarnock Springs,2,2,4,Traditional,,,,,Steam,450000,"Delicate, nutty",No,Yes,Yes,https://www.malts.com,,,4,Matched RC1; SWA baseline verified,2026-07-02,SRC-SWA-APRIL-2026,https://www.scotch-whisky.org.uk/media/f2fm4u0u/list-of-current-operating-scotch-whisky-distilleries-for-public-website-april-2026.pdf,Matched from RC1,Verify production figures,
135,DIST-ISD-0006,Scapa Distillery,Operating,Islands,Islands,Malt,1885,Scapa Distillery,Pernod Ricard,,,Lingro Burn,1,1,2,Traditional,,,,,Steam,1000000,"Soft, orchard fruit",No,Yes,Yes,https://www.scapa.com,,,5,Matched RC1; SWA baseline verified,2026-07-02,SRC-SWA-APRIL-2026,https://www.scotch-whisky.org.uk/media/f2fm4u0u/list-of-current-operating-scotch-whisky-distilleries-for-public-website-april-2026.pdf,Matched from RC1,Verify capacity,Orkney.
136,DIST-SPY-0043,Speyburn Distillery,Operating,Speyside,Speyside,Malt,1897,Inver House Distillers,International Beverage,,,Granty Burn,2,2,4,Traditional copper pot stills,,,,,Steam,4100000,"Fresh, citrus",No,Yes,Yes,https://www.speyburn.com,,,4,Matched RC1; SWA baseline verified,2026-07-02,SRC-SWA-APRIL-2026,https://www.scotch-whisky.org.uk/media/f2fm4u0u/list-of-current-operating-scotch-whisky-distilleries-for-public-website-april-2026.pdf,Matched from RC1,Verify coordinates,
137,AVD-SPRINGBANK,Springbank Distillery,Operating,Campbeltown,Campbeltown,Malt,1828,J. & A. Mitchell & Company Ltd.,J. & A. Mitchell & Company Ltd.,"Springbank Distillers Ltd, Well Close, Campbeltown, Scotland",PA28 6ET,Crosshill Loch,1,2,3,Copper pot stills; Springbank 2.5x distillation,6,Boatskin larch,Open-top cast iron mash tun,,Direct-fired wash still plus steam-heated stills,750000,"Complex, oily, medium-peated Campbeltown style",Partial,Yes,Yes,https://www.springbank.scot,,,4,Matched RC1; SWA baseline verified,2026-07-02,SRC-SWA-APRIL-2026,https://www.scotch-whisky.org.uk/media/f2fm4u0u/list-of-current-operating-scotch-whisky-distilleries-for-public-website-april-2026.pdf,Matched from RC1,,Technical production values are supported by official process page plus secondary technical sources.
138,DIST-GRN-0004,Starlaw Distillery,Operating,Lowlands,Grain,Grain,2010,The Glen Turner Company,La Martiniquaise-Bardinet,,,Municipal supply,0,0,0,Continuous,,,,,Steam,25000000,Modern grain,No,No,No,https://www.la-martiniquaise.com,,,4,Matched RC1; SWA baseline verified,2026-07-02,SRC-SWA-APRIL-2026,https://www.scotch-whisky.org.uk/media/f2fm4u0u/list-of-current-operating-scotch-whisky-distilleries-for-public-website-april-2026.pdf,Matched from RC1,Backfill capacity,
139,AVD-STIRLING,Stirling Distillery,Operating,Lowlands,Lowlands,Malt,,,,,,,,,,,,,,,,,,,,,,,,5,SWA baseline verified; enrichment pending,2026-07-02,SRC-SWA-APRIL-2026,https://www.scotch-whisky.org.uk/media/f2fm4u0u/list-of-current-operating-scotch-whisky-distilleries-for-public-website-april-2026.pdf,Added in RC2,"Add/verify owner, address, coordinates and technical fields from official sources.",
140,AVD-STRATHCLYDE,Strathclyde Distillery,Operating,Lowlands,Grain,Grain,,,,,,,,,,,,,,,,,,,,,,,,5,SWA baseline verified; enrichment pending,2026-07-02,SRC-SWA-APRIL-2026,https://www.scotch-whisky.org.uk/media/f2fm4u0u/list-of-current-operating-scotch-whisky-distilleries-for-public-website-april-2026.pdf,Added in RC2,"Add/verify owner, address, coordinates and technical fields from official sources.",
141,AVD-STRATHEARN,Strathearn Distillery,Operating,Highlands,Highlands,Malt,,,,,,,,,,,,,,,,,,,,,,,,5,SWA baseline verified; enrichment pending,2026-07-02,SRC-SWA-APRIL-2026,https://www.scotch-whisky.org.uk/media/f2fm4u0u/list-of-current-operating-scotch-whisky-distilleries-for-public-website-april-2026.pdf,Added in RC2,"Add/verify owner, address, coordinates and technical fields from official sources.",
142,DIST-SPY-0045,Strathisla Distillery,Operating,Speyside,Speyside,Malt,1786,Chivas Brothers,Pernod Ricard,,,Fons Bulliens,2,2,4,Traditional copper pot stills,,,,,Steam,2450000,"Rich, fruity",No,Yes,Yes,https://www.chivas.com,,,4,Matched RC1; SWA baseline verified,2026-07-02,SRC-SWA-APRIL-2026,https://www.scotch-whisky.org.uk/media/f2fm4u0u/list-of-current-operating-scotch-whisky-distilleries-for-public-website-april-2026.pdf,Matched from RC1,Verify production equipment,Home of Chivas Regal.
143,DIST-ISD-0004,Talisker Distillery,Operating,Islands,Islands,Malt,1830,Diageo,Diageo,,,Cnoc nan Speireag,3,2,5,Traditional,,,,,Steam,3600000,"Maritime, peppery",Partial,Yes,Yes,https://www.malts.com,,,5,Matched RC1; SWA baseline verified,2026-07-02,SRC-SWA-APRIL-2026,https://www.scotch-whisky.org.uk/media/f2fm4u0u/list-of-current-operating-scotch-whisky-distilleries-for-public-website-april-2026.pdf,Matched from RC1,Verify latest visitor details,Isle of Skye.
144,DIST-SPY-0047,Tamdhu Distillery,Operating,Speyside,Speyside,Malt,1897,Ian Macleod Distillers,Ian Macleod Distillers,,,Tamdhu Burn,3,3,6,Traditional copper pot stills,,,,,Steam,4000000,Sherried,No,Yes,Yes,https://www.tamdhu.com,,,4,Matched RC1; SWA baseline verified,2026-07-02,SRC-SWA-APRIL-2026,https://www.scotch-whisky.org.uk/media/f2fm4u0u/list-of-current-operating-scotch-whisky-distilleries-for-public-website-april-2026.pdf,Matched from RC1,Verify washbacks,
145,DIST-SPY-0048,Tamnavulin Distillery,Operating,Speyside,Speyside,Malt,1966,Whyte & Mackay,Emperador Inc.,,,Livet Water,3,3,6,Traditional copper pot stills,,,,,Steam,4000000,"Soft, sweet",No,No,No,https://www.tamnavulin.com,,,4,Matched RC1; SWA baseline verified,2026-07-02,SRC-SWA-APRIL-2026,https://www.scotch-whisky.org.uk/media/f2fm4u0u/list-of-current-operating-scotch-whisky-distilleries-for-public-website-april-2026.pdf,Matched from RC1,Verify capacity,
146,DIST-HLD-0020,Teaninich Distillery,Operating,Highlands,Highlands,Malt,1817,Diageo,Diageo,,,Alness River,6,6,12,Traditional,,,,Mash filter,Steam,10300000,"Clean, grassy",No,No,No,https://www.malts.com,,,4,Matched RC1; SWA baseline verified,2026-07-02,SRC-SWA-APRIL-2026,https://www.scotch-whisky.org.uk/media/f2fm4u0u/list-of-current-operating-scotch-whisky-distilleries-for-public-website-april-2026.pdf,Matched from RC1,Confirm mash filter specification,
147,AVD-TOBERMORY,Tobermory Distillery,Operating,Islands,Islands,Malt,,,,,,,,,,,,,,,,,,,,,,,,5,SWA baseline verified; enrichment pending,2026-07-02,SRC-SWA-APRIL-2026,https://www.scotch-whisky.org.uk/media/f2fm4u0u/list-of-current-operating-scotch-whisky-distilleries-for-public-website-april-2026.pdf,Added in RC2,"Add/verify owner, address, coordinates and technical fields from official sources.",
148,DIST-HLD-0021,Tomatin Distillery,Operating,Highlands,Highlands,Malt,1897,Tomatin Distillery Co.,Takara Shuzo,,,Alt-na-Frith Burn,6,6,12,Traditional,,,,,Steam,5600000,"Soft, fruity",Partial,Yes,Yes,https://tomatin.com,,,4,Matched RC1; SWA baseline verified,2026-07-02,SRC-SWA-APRIL-2026,https://www.scotch-whisky.org.uk/media/f2fm4u0u/list-of-current-operating-scotch-whisky-distilleries-for-public-website-april-2026.pdf,Matched from RC1,Verify still count after latest upgrades,
149,DIST-SPY-0049,Tomintoul Distillery,Operating,Speyside,Speyside,Malt,1964,Angus Dundee,Angus Dundee,,,Ballantruan Spring,2,2,4,Traditional copper pot stills,,,,,Steam,3300000,"Light, floral",No,Yes,Yes,https://www.tomintoulwhisky.com,,,4,Matched RC1; SWA baseline verified,2026-07-02,SRC-SWA-APRIL-2026,https://www.scotch-whisky.org.uk/media/f2fm4u0u/list-of-current-operating-scotch-whisky-distilleries-for-public-website-april-2026.pdf,Matched from RC1,Verify coordinates,
150,DIST-HLD-0024,Torabhaig Distillery,Operating,Highlands,Highlands,Malt,2017,Mossburn Distillers,Marussia Beverages,,,Allt Breacach,2,2,4,Traditional,,,,,Steam,500000,"Heavily peated, maritime",Yes,Yes,Yes,https://torabhaig.com,,,4,Matched RC1; SWA baseline verified,2026-07-02,SRC-SWA-APRIL-2026,https://www.scotch-whisky.org.uk/media/f2fm4u0u/list-of-current-operating-scotch-whisky-distilleries-for-public-website-april-2026.pdf,Matched from RC1,Region taxonomy review (Skye/Islands vs Highlands dataset planning),Held temporarily pending Islands separation.
151,DIST-SPY-0050,Tormore Distillery,Operating,Speyside,Speyside,Malt,1958,Elixir Distillers,Elixir Distillers,,,Achvochkie Burn,4,4,8,Traditional copper pot stills,,,,,Steam,4800000,"Fruity, malty",No,No,No,https://www.tormoredistillery.com,,,4,Matched RC1; SWA baseline verified,2026-07-02,SRC-SWA-APRIL-2026,https://www.scotch-whisky.org.uk/media/f2fm4u0u/list-of-current-operating-scotch-whisky-distilleries-for-public-website-april-2026.pdf,Matched from RC1,Verify latest ownership details,
152,DIST-HLD-0022,Tullibardine Distillery,Operating,Highlands,Highlands,Malt,1949,Tullibardine Distillery Ltd.,Picard Vins & Spiritueux,,,Danny Burn,2,2,4,Traditional,,,,,Steam,2700000,"Malty, creamy",No,Yes,Yes,https://www.tullibardine.com,,,4,Matched RC1; SWA baseline verified,2026-07-02,SRC-SWA-APRIL-2026,https://www.scotch-whisky.org.uk/media/f2fm4u0u/list-of-current-operating-scotch-whisky-distilleries-for-public-website-april-2026.pdf,Matched from RC1,Verify production data,
153,DIST-HLD-0030,Uile-bheist Distillery,Operating,Highlands,Highlands,Malt,2023,Uile-bheist Distillery & Brewery,Uile-bheist,,,,1,1,2,Traditional,,,,,Steam,,New make,Variable,Yes,Yes,https://www.uilebheist.com,,,4,Matched RC1; SWA baseline verified,2026-07-02,SRC-SWA-APRIL-2026,https://www.scotch-whisky.org.uk/media/f2fm4u0u/list-of-current-operating-scotch-whisky-distilleries-for-public-website-april-2026.pdf,Matched from RC1,Expand as production matures,Recently opened.
154,DIST-HLD-0023,Wolfburn Distillery,Operating,Highlands,Highlands,Malt,2013,Wolfburn Distillery Ltd.,Wolfburn Distillery Ltd.,,,Burn of Wolf,1,1,2,Traditional,,,,,Steam,125000,"Light, coastal",No,Yes,Yes,https://wolfburn.com,,,4,Matched RC1; SWA baseline verified,2026-07-02,SRC-SWA-APRIL-2026,https://www.scotch-whisky.org.uk/media/f2fm4u0u/list-of-current-operating-scotch-whisky-distilleries-for-public-website-april-2026.pdf,Matched from RC1,Verify capacity and coordinates,
